STATE/UT,CRIME HEAD,2001,2002,2003,2004,2005,2006,2007,2008,2009,2010,2011,2012,X,Y
ANDHRA PRADESH,INFANTICIDE,1,1,3,0,0,0,1,0,5,6,1,6,14.7504291,78.57002559
ARUNACHAL PRADESH,INFANTICIDE,0,0,0,0,0,0,0,0,0,0,0,0,27.10039878,93.61660071
ASSAM,INFANTICIDE,0,5,0,0,1,0,0,0,0,0,0,0,26.7499809,94.21666744
BIHAR,INFANTICIDE,0,0,0,0,2,0,2,2,0,2,5,2,25.78541445,87.4799727
CHHATTISGARH,INFANTICIDE,7,29,5,12,0,15,11,6,2,0,10,5,30.71999697,76.78000565
GOA,INFANTICIDE,0,0,0,0,0,1,0,0,0,1,0,0,15.491997,73.81800065
GUJARAT,INFANTICIDE,2,0,0,1,6,0,7,0,0,0,0,0,22.2587,71.1924
HARYANA,INFANTICIDE,0,3,0,1,0,0,1,5,0,0,0,0,28.45000633,77.01999101
HIMACHAL PRADESH,INFANTICIDE,0,0,3,0,0,0,0,0,0,0,0,0,31.10002545,77.16659704
JAMMU & KASHMIR,INFANTICIDE,0,0,0,0,0,0,0,0,1,0,0,0,34.29995933,74.46665849
JHARKHAND,INFANTICIDE,0,0,0,0,0,0,0,0,0,2,0,0,23.80039349,86.41998572
KARNATAKA,INFANTICIDE,6,2,0,2,1,1,0,3,0,1,1,1,12.57038129,76.91999711
KERALA,INFANTICIDE,1,1,0,2,0,1,3,0,0,1,1,0,8.900372741,76.56999263
MADHYA PRADESH,INFANTICIDE,7,9,4,6,9,17,10,1,9,8,12,13,21.30039105,76.13001949
MAHARASHTRA,INFANTICIDE,13,9,9,4,2,3,5,6,0,0,9,12,19.25023195,73.16017493
MANIPUR,INFANTICIDE,0,0,0,0,0,0,0,0,0,0,0,0,24.79997072,93.95001705
MEGHALAYA,INFANTICIDE,0,0,0,0,1,0,0,0,2,0,0,0,25.57049217,91.8800142
MIZORAM,INFANTICIDE,0,0,0,0,0,0,0,0,0,0,0,0,23.71039899,92.72001461
NAGALAND,INFANTICIDE,0,0,0,0,0,1,1,0,0,0,0,0,25.6669979,94.11657019
ODISHA,INFANTICIDE,0,0,0,0,3,1,0,0,0,0,0,0,19.82042971,85.90001746
PUNJAB,INFANTICIDE,1,0,11,3,9,4,3,1,2,0,4,1,31.51997398,75.98000281
RAJASTHAN,INFANTICIDE,0,1,3,1,0,0,4,0,1,8,0,3,26.44999921,74.63998124
SIKKIM,INFANTICIDE,0,0,0,2,1,0,0,0,0,0,0,1,27.3333303,88.6166475
TAMIL NADU,INFANTICIDE,0,19,18,3,1,1,6,4,2,0,2,1,12.92038576,79.15004187
TRIPURA,INFANTICIDE,0,0,0,0,0,0,0,0,0,0,0,0,23.83540428,91.27999914
UTTAR PRADESH,INFANTICIDE,78,45,28,26,44,42,90,90,15,53,22,19,27.59998069,78.05000565
UTTARAKHAND,INFANTICIDE,0,0,0,0,0,0,0,0,0,0,0,0,30.0668,79.0193
WEST BENGAL,INFANTICIDE,0,0,0,0,0,0,3,0,0,0,0,1,22.58039044,88.32994665
TOTAL (STATES),INFANTICIDE,116,124,84,63,80,87,147,118,39,82,67,65,,
A & N ISLANDS,INFANTICIDE,0,0,0,0,0,0,0,0,0,0,0,0,11.66702557,92.73598262
CHANDIGARH,INFANTICIDE,0,0,0,0,0,0,0,0,0,0,0,0,30.7333,76.7794
D & N HAVELI,INFANTICIDE,0,0,0,0,0,0,0,0,0,0,0,0,20.1809,73.0169
DAMAN & DIU,INFANTICIDE,0,0,0,0,0,0,0,0,0,0,0,0,20.4283,72.8397
DELHI,INFANTICIDE,1,0,0,0,0,0,0,0,1,0,0,3,28.7041,77.1025
LAKSHADWEEP,INFANTICIDE,0,0,0,0,0,0,0,0,0,0,0,0,13.7,72.1833
PUDUCHERRY,INFANTICIDE,0,0,0,0,0,0,0,0,0,0,0,0,11.9416,79.8083
TOTAL (UTs),INFANTICIDE,1,0,0,0,0,0,0,0,1,0,0,3,,
TOTAL (ALL-INDIA),INFANTICIDE,117,124,84,63,80,87,147,118,40,82,67,68,,
ANDHRA PRADESH,MURDER OF CHILDREN,42,50,96,144,85,88,121,98,78,66,118,140,14.7504291,78.57002559
ARUNACHAL PRADESH,MURDER OF CHILDREN,0,0,0,0,0,0,0,0,0,0,0,0,27.10039878,93.61660071
ASSAM,MURDER OF CHILDREN,0,2,3,2,15,15,5,3,3,6,10,15,26.7499809,94.21666744
BIHAR,MURDER OF CHILDREN,9,11,16,17,41,11,159,239,263,323,264,220,25.78541445,87.4799727
CHHATTISGARH,MURDER OF CHILDREN,18,18,30,32,33,66,49,47,53,68,59,74,22.09042035,82.15998734
GOA,MURDER OF CHILDREN,1,2,0,5,2,6,2,4,8,3,0,2,15.491997,73.81800065
GUJARAT,MURDER OF CHILDREN,62,40,36,24,69,87,73,49,47,73,77,52,22.2587,71.1924
HARYANA,MURDER OF CHILDREN,42,19,30,32,33,39,27,40,18,18,15,58,28.45000633,77.01999101
HIMACHAL PRADESH,MURDER OF CHILDREN,4,2,4,6,5,2,8,6,8,8,9,9,31.10002545,77.16659704
JAMMU & KASHMIR,MURDER OF CHILDREN,2,0,0,1,5,0,0,0,0,1,8,0,34.29995933,74.46665849
JHARKHAND,MURDER OF CHILDREN,0,6,5,6,13,10,4,2,2,2,7,1,23.80039349,86.41998572
KARNATAKA,MURDER OF CHILDREN,8,40,23,36,30,38,46,59,56,46,42,65,12.57038129,76.91999711
KERALA,MURDER OF CHILDREN,23,65,26,44,32,110,19,45,39,44,40,29,8.900372741,76.56999263
MADHYA PRADESH,MURDER OF CHILDREN,99,97,210,159,149,172,161,151,167,176,181,191,21.30039105,76.13001949
MAHARASHTRA,MURDER OF CHILDREN,194,226,203,203,212,223,271,192,187,251,239,255,19.25023195,73.16017493
MANIPUR,MURDER OF CHILDREN,0,0,19,0,2,1,3,0,0,0,1,0,24.79997072,93.95001705
MEGHALAYA,MURDER OF CHILDREN,0,0,0,0,1,7,5,5,2,2,3,1,25.57049217,91.8800142
MIZORAM,MURDER OF CHILDREN,0,0,0,0,0,0,3,0,0,1,0,1,23.71039899,92.72001461
NAGALAND,MURDER OF CHILDREN,0,0,0,0,0,1,1,0,0,0,5,0,25.6669979,94.11657019
ODISHA,MURDER OF CHILDREN,2,7,21,9,11,14,15,18,13,15,18,25,20.9517,85.0985
PUNJAB,MURDER OF CHILDREN,34,12,17,50,25,18,25,41,98,53,62,43,31.51997398,75.98000281
RAJASTHAN,MURDER OF CHILDREN,15,11,25,8,49,68,77,84,92,48,48,35,26.44999921,74.63998124
SIKKIM,MURDER OF CHILDREN,5,4,1,0,0,0,1,0,1,13,3,0,27.3333303,88.6166475
TAMIL NADU,MURDER OF CHILDREN,20,36,41,65,50,57,54,78,84,90,126,118,12.92038576,79.15004187
TRIPURA,MURDER OF CHILDREN,0,0,0,3,1,3,36,13,18,2,21,3,23.83540428,91.27999914
UTTAR PRADESH,MURDER OF CHILDREN,867,606,672,772,583,593,577,553,619,590,647,927,27.59998069,78.05000565
UTTARAKHAND,MURDER OF CHILDREN,16,15,7,5,6,17,13,4,7,3,7,8,30.0668,79.0193
WEST BENGAL,MURDER OF CHILDREN,2,3,2,3,4,4,11,22,16,32,16,37,22.58039044,88.32994665
TOTAL (STATES),MURDER OF CHILDREN,1465,1272,1487,1626,1456,1650,1766,1753,1879,1934,2026,2309,,
A & N ISLANDS,MURDER OF CHILDREN,0,0,1,0,1,0,0,8,1,2,1,1,11.66702557,92.73598262
CHANDIGARH,MURDER OF CHILDREN,0,2,3,3,3,2,1,0,1,0,6,0,30.71999697,76.78000565
D & N HAVELI,MURDER OF CHILDREN,0,0,0,1,4,0,0,0,1,0,1,0,20.26657819,73.0166178
DAMAN & DIU,MURDER OF CHILDREN,0,0,0,0,1,0,3,0,0,0,0,0,20.4283,72.8397
DELHI,MURDER OF CHILDREN,16,31,39,54,41,71,77,60,60,45,61,43,28.6699929,77.23000403
LAKSHADWEEP,MURDER OF CHILDREN,1,0,0,0,0,0,0,0,0,0,0,0,10.56257331,72.63686717
PUDUCHERRY,MURDER OF CHILDREN,0,0,1,1,0,2,2,1,1,0,0,0,11.93499371,79.83000037
TOTAL (UTs),MURDER OF CHILDREN,17,33,44,59,50,75,83,69,64,47,69,44,,
TOTAL (ALL-INDIA),MURDER OF CHILDREN,1482,1305,1531,1685,1506,1725,1849,1822,1943,1981,2095,2353,,
ANDHRA PRADESH,RAPE OF CHILDREN,102,136,326,385,378,434,403,484,492,559,720,604,14.75043,78.57003
ARUNACHAL PRADESH,RAPE OF CHILDREN,0,2,0,6,11,0,1,9,15,14,20,18,27.1004,93.6166
ASSAM,RAPE OF CHILDREN,0,3,5,6,90,61,34,14,11,24,40,155,26.74998,94.21667
BIHAR,RAPE OF CHILDREN,23,3,3,3,5,11,129,96,66,112,93,148,25.78541,87.47997
CHHATTISGARH,RAPE OF CHILDREN,184,162,184,308,343,455,376,436,431,426,555,531,30.72,76.78001
GOA,RAPE OF CHILDREN,12,7,22,32,29,15,16,33,38,35,21,49,15.492,73.818
GUJARAT,RAPE OF CHILDREN,45,49,102,105,123,158,160,141,118,137,166,210,22.2587,71.1924
HARYANA,RAPE OF CHILDREN,135,100,109,127,162,206,148,110,115,121,73,379,28.45001,77.01999
HIMACHAL PRADESH,RAPE OF CHILDREN,49,35,48,42,79,52,40,65,90,107,83,129,31.10003,77.1666
JAMMU & KASHMIR,RAPE OF CHILDREN,5,8,3,4,0,7,9,3,6,5,8,21,34.29996,74.46666
JHARKHAND,RAPE OF CHILDREN,31,46,19,46,51,42,24,11,23,0,16,4,23.80039,86.41999
KARNATAKA,RAPE OF CHILDREN,9,28,30,35,56,84,86,127,135,104,147,178,12.57038,76.92
KERALA,RAPE OF CHILDREN,92,70,80,111,127,388,204,259,315,240,570,604,8.900373,76.56999
MADHYA PRADESH,RAPE OF CHILDREN,445,696,742,960,1112,1085,1304,1109,1331,1410,1524,1970,21.30039,76.13002
MAHARASHTRA,RAPE OF CHILDREN,429,551,844,698,757,768,762,905,797,936,1053,1257,19.25023,73.16017
MANIPUR,RAPE OF CHILDREN,0,0,7,4,3,7,1,1,6,6,5,7,24.79997,93.95002
MEGHALAYA,RAPE OF CHILDREN,0,0,0,0,27,13,30,32,48,64,48,84,25.57049,91.88001
MIZORAM,RAPE OF CHILDREN,0,0,0,0,0,35,60,18,11,42,41,74,23.7104,92.72001
NAGALAND,RAPE OF CHILDREN,0,0,0,1,0,3,2,3,0,3,15,8,25.667,94.11657
ODISHA,RAPE OF CHILDREN,16,23,53,34,18,83,98,68,88,91,150,242,19.82043,85.90002
PUNJAB,RAPE OF CHILDREN,56,81,71,101,61,73,127,130,259,184,172,282,31.51997,75.98
RAJASTHAN,RAPE OF CHILDREN,49,35,56,133,254,288,349,362,318,277,328,491,26.45,74.63998
SIKKIM,RAPE OF CHILDREN,1,4,8,1,8,14,17,12,14,11,12,19,27.33333,88.61665
TAMIL NADU,RAPE OF CHILDREN,22,29,44,177,97,134,159,176,199,208,263,333,12.92039,79.15004
TRIPURA,RAPE OF CHILDREN,0,0,0,28,6,28,14,97,52,93,144,12,23.8354,91.28
UTTAR PRADESH,RAPE OF CHILDREN,820,550,429,602,531,480,694,1179,817,678,1573,1581,27.59998,78.05001
UTTARAKHAND,RAPE OF CHILDREN,10,8,11,35,25,39,22,12,5,11,25,33,30.0668,79.0193
WEST BENGAL,RAPE OF CHILDREN,11,16,17,17,6,33,43,129,68,94,182,178,22.58039,88.32995
TOTAL (STATES),RAPE OF CHILDREN,2546,2642,3213,4001,4359,4996,5312,6021,5868,5992,8047,9601,,
A & N ISLANDS,RAPE OF CHILDREN,0,0,2,0,6,6,3,10,28,23,15,17,11.66703,92.73598
CHANDIGARH,RAPE OF CHILDREN,14,5,16,0,23,7,11,12,20,27,17,18,30.7333,76.7794
D & N HAVELI,RAPE OF CHILDREN,0,0,0,0,0,2,2,4,3,1,1,1,20.1809,73.0169
DAMAN & DIU,RAPE OF CHILDREN,0,0,5,0,1,1,0,0,1,1,0,9,20.4283,72.8397
DELHI,RAPE OF CHILDREN,131,155,186,226,243,466,423,312,387,349,402,516,28.7014,77.1025
LAKSHADWEEP,RAPE OF CHILDREN,0,0,0,0,0,0,0,0,0,0,0,0,13.4,72.1833
PUDUCHERRY,RAPE OF CHILDREN,4,4,1,6,4,11,5,4,1,5,17,9,11.9416,79.8083
TOTAL (UTs),RAPE OF CHILDREN,149,164,210,232,277,493,444,342,440,406,452,570,,
TOTAL (ALL-INDIA),RAPE OF CHILDREN,2695,2806,3423,4233,4636,5489,5756,6363,6308,6398,8499,10171,,
ANDHRA PRADESH,KIDNAPPING and ABDUCTION OF CHILDREN,69,127,360,475,448,600,654,563,638,589,744,826,14.75043,78.57003
ARUNACHAL PRADESH,KIDNAPPING and ABDUCTION OF CHILDREN,0,3,0,5,13,18,3,11,12,6,14,20,27.1004,93.6166
ASSAM,KIDNAPPING and ABDUCTION OF CHILDREN,0,7,0,0,18,25,29,9,7,11,30,68,26.74998,94.21667
BIHAR,KIDNAPPING and ABDUCTION OF CHILDREN,39,57,69,38,74,44,603,931,988,1839,2027,1870,25.78541,87.47997
CHHATTISGARH,KIDNAPPING and ABDUCTION OF CHILDREN,38,29,39,70,95,115,87,105,102,200,209,244,30.72,76.78001
GOA,KIDNAPPING and ABDUCTION OF CHILDREN,7,6,11,12,12,14,5,28,24,12,16,13,15.492,73.818
GUJARAT,KIDNAPPING and ABDUCTION OF CHILDREN,132,216,268,277,369,391,505,606,528,607,721,938,22.2587,71.1924
HARYANA,KIDNAPPING and ABDUCTION OF CHILDREN,132,66,96,80,60,123,138,89,121,116,83,505,28.45001,77.01999
HIMACHAL PRADESH,KIDNAPPING and ABDUCTION OF CHILDREN,31,22,30,24,52,41,32,69,67,72,66,85,31.10003,77.1666
JAMMU & KASHMIR,KIDNAPPING and ABDUCTION OF CHILDREN,14,12,41,30,19,57,9,4,1,3,11,18,34.29996,74.46666
JHARKHAND,KIDNAPPING and ABDUCTION OF CHILDREN,9,46,2,46,18,23,6,36,10,1,19,29,23.80039,86.41999
KARNATAKA,KIDNAPPING and ABDUCTION OF CHILDREN,10,28,29,33,45,50,62,69,92,167,85,211,12.57038,76.92
KERALA,KIDNAPPING and ABDUCTION OF CHILDREN,24,38,16,21,107,126,96,93,105,109,114,163,8.900373,76.56999
MADHYA PRADESH,KIDNAPPING and ABDUCTION OF CHILDREN,145,203,248,244,351,304,271,357,547,527,585,735,21.30039,76.13002
MAHARASHTRA,KIDNAPPING and ABDUCTION OF CHILDREN,269,365,442,465,503,612,680,699,629,844,973,1068,19.25023,73.16017
MANIPUR,KIDNAPPING and ABDUCTION OF CHILDREN,0,0,63,19,11,30,17,5,34,33,43,26,24.79997,93.95002
MEGHALAYA,KIDNAPPING and ABDUCTION OF CHILDREN,0,0,0,0,2,1,7,12,4,10,6,5,25.57049,91.88001
MIZORAM,KIDNAPPING and ABDUCTION OF CHILDREN,0,0,0,0,0,0,0,1,2,0,3,1,23.7104,92.72001
NAGALAND,KIDNAPPING and ABDUCTION OF CHILDREN,0,0,0,0,0,0,2,3,0,7,0,4,25.667,94.11657
ODISHA,KIDNAPPING and ABDUCTION OF CHILDREN,24,10,23,12,25,23,36,24,36,39,63,87,19.82043,85.90002
PUNJAB,KIDNAPPING and ABDUCTION OF CHILDREN,43,51,49,109,90,67,165,160,451,424,390,356,31.51997,75.98
RAJASTHAN,KIDNAPPING and ABDUCTION OF CHILDREN,76,37,30,116,85,255,300,251,465,382,437,518,26.45,74.63998
SIKKIM,KIDNAPPING and ABDUCTION OF CHILDREN,0,0,0,0,2,0,3,1,4,8,6,8,27.33333,88.61665
TAMIL NADU,KIDNAPPING and ABDUCTION OF CHILDREN,8,35,24,105,68,146,197,216,325,343,479,560,12.92039,79.15004
TRIPURA,KIDNAPPING and ABDUCTION OF CHILDREN,0,0,0,13,17,0,9,25,1,37,39,7,23.8354,91.28
UTTAR PRADESH,KIDNAPPING and ABDUCTION OF CHILDREN,1968,957,970,1351,1192,1120,1563,3043,2370,1937,5760,8394,27.59998,78.05001
UTTARAKHAND,KIDNAPPING and ABDUCTION OF CHILDREN,26,7,14,4,50,7,49,39,11,18,35,51,30.0668,79.0193
WEST BENGAL,KIDNAPPING and ABDUCTION OF CHILDREN,82,84,59,134,124,233,110,154,167,377,544,558,22.58039,88.32995
TOTAL (STATES),KIDNAPPING and ABDUCTION OF CHILDREN,3146,2406,2883,3683,3850,4425,5638,7603,7741,8718,13502,17368,,
A & N ISLANDS,KIDNAPPING and ABDUCTION OF CHILDREN,0,0,1,0,0,4,6,9,5,13,10,7,11.66703,92.73598
CHANDIGARH,KIDNAPPING and ABDUCTION OF CHILDREN,27,22,13,14,29,29,36,39,15,17,30,21,30.7333,76.7794
D & N HAVELI,KIDNAPPING and ABDUCTION OF CHILDREN,0,0,5,0,4,10,4,17,11,11,3,13,20.1809,73.0169
DAMAN & DIU,KIDNAPPING and ABDUCTION OF CHILDREN,0,0,1,0,4,1,0,0,0,0,0,0,20.4283,72.8397
DELHI,KIDNAPPING and ABDUCTION OF CHILDREN,162,137,131,162,157,396,410,388,326,318,439,438,28.7041,77.1025
LAKSHADWEEP,KIDNAPPING and ABDUCTION OF CHILDREN,0,0,0,0,0,0,0,0,0,0,0,0,13.7,72.1833
PUDUCHERRY,KIDNAPPING and ABDUCTION OF CHILDREN,0,10,1,4,5,23,10,10,14,8,10,16,11.9416,79.8083
TOTAL (UTs),KIDNAPPING and ABDUCTION OF CHILDREN,189,169,152,180,199,463,466,463,371,367,492,495,,
TOTAL (ALL-INDIA),KIDNAPPING and ABDUCTION OF CHILDREN,3335,2575,3035,3863,4049,4888,6104,8066,8112,9085,13994,17863,,
ANDHRA PRADESH,FOETICIDE,0,0,0,0,1,4,0,1,1,0,6,0,14.75043,78.57003
ARUNACHAL PRADESH,FOETICIDE,0,0,0,0,0,0,0,0,0,0,0,0,27.1004,93.6166
ASSAM,FOETICIDE,0,0,0,0,1,1,0,0,0,0,0,0,26.74998,94.21667
BIHAR,FOETICIDE,0,0,0,1,0,0,0,0,15,0,3,1,25.78541,87.47997
CHHATTISGARH,FOETICIDE,15,0,6,6,8,1,8,3,2,0,8,1,30.72,76.78001
GOA,FOETICIDE,0,0,0,0,0,0,0,0,0,0,0,0,15.492,73.818
GUJARAT,FOETICIDE,1,1,0,0,1,5,1,1,1,0,0,0,22.2587,71.1924
HARYANA,FOETICIDE,7,2,5,2,9,9,1,7,0,1,0,2,28.45001,77.01999
HIMACHAL PRADESH,FOETICIDE,0,0,0,1,0,5,0,1,2,0,0,0,31.10003,77.1666
JAMMU & KASHMIR,FOETICIDE,0,1,0,0,0,0,0,0,0,5,0,0,34.29996,74.46666
JHARKHAND,FOETICIDE,0,0,3,0,0,15,0,0,0,0,1,0,23.80039,86.41999
KARNATAKA,FOETICIDE,0,0,0,0,0,0,0,1,0,0,0,0,12.57038,76.92
KERALA,FOETICIDE,0,1,0,0,2,0,0,0,0,0,0,1,8.900373,76.56999
MADHYA PRADESH,FOETICIDE,2,2,11,10,7,6,11,12,21,7,8,12,21.30039,76.13002
MAHARASHTRA,FOETICIDE,13,11,5,9,3,11,0,4,7,10,13,29,19.25023,73.16017
MANIPUR,FOETICIDE,0,0,0,0,0,0,0,0,0,0,0,0,24.79997,93.95002
MEGHALAYA,FOETICIDE,0,0,0,0,0,0,0,0,0,0,0,0,25.57049,91.88001
MIZORAM,FOETICIDE,0,0,0,0,0,0,0,0,0,0,0,0,23.7104,92.72001
NAGALAND,FOETICIDE,0,0,0,0,0,0,0,0,0,0,0,0,25.667,94.11657
ODISHA,FOETICIDE,0,0,0,0,0,0,8,0,0,0,0,0,19.82043,85.90002
PUNJAB,FOETICIDE,6,2,4,6,14,7,9,8,9,1,0,0,31.51997,75.98
RAJASTHAN,FOETICIDE,4,0,0,4,3,8,0,0,4,8,1,9,26.45,74.63998
SIKKIM,FOETICIDE,0,0,0,0,0,0,0,0,0,0,0,2,27.33333,88.61665
TAMIL NADU,FOETICIDE,0,0,0,0,0,0,0,0,0,0,0,0,12.92039,79.15004
TRIPURA,FOETICIDE,0,0,0,0,0,0,0,0,0,0,0,0,23.8354,91.28
UTTAR PRADESH,FOETICIDE,1,1,1,4,0,5,2,5,0,15,23,25,27.59998,78.05001
UTTARAKHAND,FOETICIDE,0,0,0,0,0,0,0,0,0,0,0,0,30.0668,79.0193
WEST BENGAL,FOETICIDE,0,0,0,0,0,0,0,1,0,0,0,0,22.58039,88.32995
TOTAL (STATES),FOETICIDE,49,21,35,43,49,77,40,44,62,47,63,82,,
A & N ISLANDS,FOETICIDE,0,0,0,0,0,0,0,0,0,1,0,0,11.66703,92.73598
CHANDIGARH,FOETICIDE,0,0,0,0,0,0,0,0,0,0,0,0,30.7333,76.7794
D & N HAVELI,FOETICIDE,0,0,0,0,0,0,0,0,0,0,0,0,20.1809,73.0169
DAMAN & DIU,FOETICIDE,0,0,0,0,0,0,0,0,0,0,0,0,20.4283,72.8397
DELHI,FOETICIDE,1,18,4,4,6,0,1,0,0,3,7,1,28.7041,77.1025
LAKSHADWEEP,FOETICIDE,0,0,0,0,0,0,0,0,0,0,0,0,13.4,72.1833
PUDUCHERRY,FOETICIDE,0,0,0,0,0,0,0,0,0,0,0,0,11.9416,79.8083
TOTAL (UTs),FOETICIDE,1,18,4,4,6,0,1,0,0,4,7,1,,
TOTAL (ALL-INDIA),FOETICIDE,50,39,39,47,55,77,41,44,62,51,70,83,,
ANDHRA PRADESH,ABETMENT OF SUICIDE,7,15,0,0,6,18,7,5,13,10,18,23,14.75043,78.57003
ARUNACHAL PRADESH,ABETMENT OF SUICIDE,0,0,0,0,0,0,0,0,0,0,0,0,27.1004,93.6166
ASSAM,ABETMENT OF SUICIDE,0,0,0,0,5,5,0,0,0,0,0,0,26.74998,94.21667
BIHAR,ABETMENT OF SUICIDE,0,0,0,0,0,0,0,0,0,0,0,0,25.78541,87.47997
CHHATTISGARH,ABETMENT OF SUICIDE,3,1,5,6,13,2,2,3,3,1,21,8,30.72,76.78001
GOA,ABETMENT OF SUICIDE,0,0,0,0,0,0,0,4,0,0,0,1,15.492,73.818
GUJARAT,ABETMENT OF SUICIDE,0,1,0,3,1,1,0,0,0,1,6,1,22.2587,71.1924
HARYANA,ABETMENT OF SUICIDE,0,0,0,1,0,0,3,0,2,0,0,3,28.45001,77.01999
HIMACHAL PRADESH,ABETMENT OF SUICIDE,0,0,0,0,0,5,0,0,1,0,3,0,31.10003,77.1666
JAMMU & KASHMIR,ABETMENT OF SUICIDE,0,0,0,0,0,0,0,0,0,0,0,0,34.29996,74.46666
JHARKHAND,ABETMENT OF SUICIDE,0,0,0,0,0,0,0,0,0,0,0,0,23.80039,86.41999
KARNATAKA,ABETMENT OF SUICIDE,0,0,0,3,0,0,0,0,0,0,0,0,12.57038,76.92
KERALA,ABETMENT OF SUICIDE,0,0,0,0,1,0,0,6,0,3,1,2,8.900373,76.56999
MADHYA PRADESH,ABETMENT OF SUICIDE,5,3,7,9,7,6,8,7,14,16,10,36,21.30039,76.13002
MAHARASHTRA,ABETMENT OF SUICIDE,4,9,9,15,17,8,13,2,14,27,26,28,19.25023,73.16017
MANIPUR,ABETMENT OF SUICIDE,0,0,0,0,0,0,0,0,0,0,0,0,24.79997,93.95002
MEGHALAYA,ABETMENT OF SUICIDE,0,0,0,0,0,0,0,0,0,0,0,0,25.57049,91.88001
MIZORAM,ABETMENT OF SUICIDE,0,0,0,0,0,0,0,0,0,0,0,0,23.7104,92.72001
NAGALAND,ABETMENT OF SUICIDE,0,0,0,0,0,0,0,0,0,0,0,0,25.667,94.11657
ODISHA,ABETMENT OF SUICIDE,0,0,0,0,0,2,0,0,0,0,0,1,19.82043,85.90002
PUNJAB,ABETMENT OF SUICIDE,0,0,0,3,0,0,0,0,5,1,0,1,31.51997,75.98
RAJASTHAN,ABETMENT OF SUICIDE,0,0,0,0,0,0,0,0,0,1,0,0,26.45,74.63998
SIKKIM,ABETMENT OF SUICIDE,0,0,1,0,0,0,0,0,0,0,0,0,27.33333,88.61665
TAMIL NADU,ABETMENT OF SUICIDE,1,0,0,3,1,0,0,0,0,2,2,2,12.92039,79.15004
TRIPURA,ABETMENT OF SUICIDE,0,0,0,0,0,0,0,0,0,0,0,0,23.8354,91.28
UTTAR PRADESH,ABETMENT OF SUICIDE,0,0,2,8,6,5,0,0,0,0,14,163,27.59998,78.05001
UTTARAKHAND,ABETMENT OF SUICIDE,0,0,0,0,0,0,0,0,5,0,0,0,30.0668,79.0193
WEST BENGAL,ABETMENT OF SUICIDE,0,0,0,1,1,0,0,0,0,3,12,8,22.58039,88.32995
TOTAL (STATES),ABETMENT OF SUICIDE,20,29,24,52,58,52,33,27,57,65,113,277,,
A & N ISLANDS,ABETMENT OF SUICIDE,0,0,0,0,0,0,0,0,0,0,0,0,11.66703,92.73598
CHANDIGARH,ABETMENT OF SUICIDE,0,1,0,0,0,0,1,0,0,0,0,0,30.7333,76.7794
D & N HAVELI,ABETMENT OF SUICIDE,0,0,0,0,0,0,0,0,0,0,0,0,20.1809,73.0169
DAMAN & DIU,ABETMENT OF SUICIDE,0,0,0,0,0,0,0,0,0,0,0,0,20.4283,72.8397
DELHI,ABETMENT OF SUICIDE,0,0,0,0,0,0,0,0,0,0,0,0,28.7041,77.1025
LAKSHADWEEP,ABETMENT OF SUICIDE,0,0,0,0,0,0,0,0,0,0,0,0,13.7,72.1833
PUDUCHERRY,ABETMENT OF SUICIDE,0,3,0,0,0,0,0,1,0,0,0,0,11.9416,79.8083
TOTAL (UTs),ABETMENT OF SUICIDE,0,4,0,0,0,0,1,1,0,0,0,0,,
TOTAL (ALL-INDIA),ABETMENT OF SUICIDE,20,33,24,52,58,52,34,28,57,65,113,277,,
ANDHRA PRADESH,EXPOSURE AND ABANDONMENT,0,0,2,0,14,46,53,24,30,6,25,8,14.75043,78.57003
ARUNACHAL PRADESH,EXPOSURE AND ABANDONMENT,0,0,0,0,0,0,0,0,0,0,0,0,27.1004,93.6166
ASSAM,EXPOSURE AND ABANDONMENT,0,0,0,0,0,0,0,0,0,0,0,0,26.74998,94.21667
BIHAR,EXPOSURE AND ABANDONMENT,1,2,2,2,0,0,0,0,0,0,2,0,25.78541,87.47997
CHHATTISGARH,EXPOSURE AND ABANDONMENT,4,10,0,14,1,3,2,1,2,1,27,6,30.72,76.78001
GOA,EXPOSURE AND ABANDONMENT,1,1,1,0,3,2,1,1,0,0,2,0,15.492,73.818
GUJARAT,EXPOSURE AND ABANDONMENT,14,6,9,9,14,9,23,16,14,15,14,15,22.2587,71.1924
HARYANA,EXPOSURE AND ABANDONMENT,4,2,4,1,3,7,6,1,2,0,2,3,28.45001,77.01999
HIMACHAL PRADESH,EXPOSURE AND ABANDONMENT,8,3,2,3,2,6,0,0,0,0,0,0,31.10003,77.1666
JAMMU & KASHMIR,EXPOSURE AND ABANDONMENT,1,2,0,0,0,0,1,1,0,0,0,0,34.29996,74.46666
JHARKHAND,EXPOSURE AND ABANDONMENT,0,0,0,0,0,0,0,9,0,0,1,0,23.80039,86.41999
KARNATAKA,EXPOSURE AND ABANDONMENT,0,0,1,0,0,2,1,0,1,1,3,1,12.57038,76.92
KERALA,EXPOSURE AND ABANDONMENT,3,6,1,0,2,7,8,3,5,5,1,5,8.900373,76.56999
MADHYA PRADESH,EXPOSURE AND ABANDONMENT,16,12,18,22,29,11,20,15,15,9,15,14,21.30039,76.13002
MAHARASHTRA,EXPOSURE AND ABANDONMENT,95,91,99,76,72,76,57,75,46,51,32,66,19.25023,73.16017
MANIPUR,EXPOSURE AND ABANDONMENT,0,0,0,0,0,0,0,0,0,0,0,0,24.79997,93.95002
MEGHALAYA,EXPOSURE AND ABANDONMENT,0,0,0,0,0,0,0,0,0,0,0,0,25.57049,91.88001
MIZORAM,EXPOSURE AND ABANDONMENT,0,0,0,0,0,0,0,0,0,0,0,1,23.7104,92.72001
NAGALAND,EXPOSURE AND ABANDONMENT,0,0,0,0,0,0,0,0,0,0,0,0,25.667,94.11657
ODISHA,EXPOSURE AND ABANDONMENT,0,0,0,0,0,0,0,0,0,0,0,0,19.82043,85.90002
PUNJAB,EXPOSURE AND ABANDONMENT,0,0,1,0,5,0,1,1,6,0,0,0,31.51997,75.98
RAJASTHAN,EXPOSURE AND ABANDONMENT,17,9,13,9,5,14,12,13,9,2,1,17,26.45,74.63998
SIKKIM,EXPOSURE AND ABANDONMENT,0,0,0,0,0,0,1,0,0,0,0,0,27.33333,88.61665
TAMIL NADU,EXPOSURE AND ABANDONMENT,0,5,1,0,3,2,3,0,0,0,1,1,12.92039,79.15004
TRIPURA,EXPOSURE AND ABANDONMENT,0,0,0,0,0,0,0,0,0,0,0,0,23.8354,91.28
UTTAR PRADESH,EXPOSURE AND ABANDONMENT,0,0,0,0,0,0,0,0,0,0,0,2,27.59998,78.05001
UTTARAKHAND,EXPOSURE AND ABANDONMENT,0,0,0,0,0,0,0,0,0,0,0,0,30.0668,79.0193
WEST BENGAL,EXPOSURE AND ABANDONMENT,0,0,0,0,0,3,1,0,0,0,0,8,22.58039,88.32995
TOTAL (STATES),EXPOSURE AND ABANDONMENT,164,149,154,136,153,188,190,160,130,90,126,147,,
A & N ISLANDS,EXPOSURE AND ABANDONMENT,0,0,0,0,0,0,0,0,0,0,2,0,11.66703,92.73598
CHANDIGARH,EXPOSURE AND ABANDONMENT,1,1,4,1,3,2,1,0,10,6,0,0,30.7333,76.7794
D & N HAVELI,EXPOSURE AND ABANDONMENT,0,0,0,0,0,0,0,0,0,0,0,0,20.1809,73.0169
DAMAN & DIU,EXPOSURE AND ABANDONMENT,0,0,0,0,0,0,0,0,0,0,0,0,20.4283,72.8397
DELHI,EXPOSURE AND ABANDONMENT,2,3,3,1,2,2,5,2,1,1,7,11,28.7014,77.1025
LAKSHADWEEP,EXPOSURE AND ABANDONMENT,0,0,0,0,0,0,0,0,0,0,0,0,13.7,72.1833
PUDUCHERRY,EXPOSURE AND ABANDONMENT,0,0,0,0,0,0,0,1,0,0,0,0,11.9416,79.8083
TOTAL (UTs),EXPOSURE AND ABANDONMENT,3,4,7,2,5,4,6,3,11,7,9,11,,
TOTAL (ALL-INDIA),EXPOSURE AND ABANDONMENT,167,153,161,138,158,192,196,163,141,97,135,158,,
ANDHRA PRADESH,PROCURATION OF MINOR GILRS,22,15,30,45,53,47,66,69,51,111,97,37,14.75043,78.57003
ARUNACHAL PRADESH,PROCURATION OF MINOR GILRS,0,0,0,0,0,0,0,0,0,0,0,0,27.1004,93.6166
ASSAM,PROCURATION OF MINOR GILRS,0,8,13,6,0,0,0,0,0,75,142,122,26.74998,94.21667
BIHAR,PROCURATION OF MINOR GILRS,56,11,1,4,5,5,49,53,88,101,434,38,25.78541,87.47997
CHHATTISGARH,PROCURATION OF MINOR GILRS,0,0,0,1,0,0,3,6,6,23,17,18,30.72,76.78001
GOA,PROCURATION OF MINOR GILRS,4,6,11,3,0,0,0,0,6,6,1,0,15.492,73.818
GUJARAT,PROCURATION OF MINOR GILRS,17,0,2,0,0,1,19,2,1,0,3,26,22.2587,71.1924
HARYANA,PROCURATION OF MINOR GILRS,3,0,5,0,0,0,0,0,0,0,0,0,28.45001,77.01999
HIMACHAL PRADESH,PROCURATION OF MINOR GILRS,0,7,0,0,0,2,3,1,3,2,1,4,31.10003,77.1666
JAMMU & KASHMIR,PROCURATION OF MINOR GILRS,0,0,0,0,0,0,0,0,0,0,0,0,34.29996,74.46666
JHARKHAND,PROCURATION OF MINOR GILRS,0,11,11,11,10,30,21,63,44,21,12,16,23.80039,86.41999
KARNATAKA,PROCURATION OF MINOR GILRS,0,9,1,3,7,2,3,5,3,20,8,18,12.57038,76.92
KERALA,PROCURATION OF MINOR GILRS,4,15,7,5,23,35,26,16,17,10,7,11,8.900373,76.56999
MADHYA PRADESH,PROCURATION OF MINOR GILRS,7,15,8,2,2,3,26,16,4,26,27,23,21.30039,76.13002
MAHARASHTRA,PROCURATION OF MINOR GILRS,15,49,23,20,4,49,11,23,53,33,50,60,19.25023,73.16017
MANIPUR,PROCURATION OF MINOR GILRS,0,0,0,0,0,0,0,0,0,0,0,0,24.79997,93.95002
MEGHALAYA,PROCURATION OF MINOR GILRS,0,0,0,0,0,0,0,0,3,0,0,0,25.57049,91.88001
MIZORAM,PROCURATION OF MINOR GILRS,0,0,0,0,0,0,0,0,0,0,0,0,23.7104,92.72001
NAGALAND,PROCURATION OF MINOR GILRS,0,0,0,0,0,0,0,0,0,0,0,0,25.667,94.11657
ODISHA,PROCURATION OF MINOR GILRS,0,5,4,8,0,0,0,0,0,8,8,11,19.82043,85.90002
PUNJAB,PROCURATION OF MINOR GILRS,11,9,0,0,0,0,0,0,0,0,0,0,31.51997,75.98
RAJASTHAN,PROCURATION OF MINOR GILRS,0,0,3,4,0,1,1,0,1,13,14,15,26.45,74.63998
SIKKIM,PROCURATION OF MINOR GILRS,0,0,0,0,0,0,0,0,0,0,0,0,27.33333,88.61665
TAMIL NADU,PROCURATION OF MINOR GILRS,0,0,0,7,0,1,9,1,0,0,0,41,12.92039,79.15004
TRIPURA,PROCURATION OF MINOR GILRS,0,0,0,0,0,0,0,0,29,18,23,0,23.8354,91.28
UTTAR PRADESH,PROCURATION OF MINOR GILRS,34,11,30,27,0,0,0,0,0,0,0,4,27.59998,78.05001
UTTARAKHAND,PROCURATION OF MINOR GILRS,14,21,13,23,22,32,1,2,0,0,0,4,30.0668,79.0193
WEST BENGAL,PROCURATION OF MINOR GILRS,7,12,12,18,28,88,49,35,27,217,133,227,22.58039,88.32995
TOTAL (STATES),PROCURATION OF MINOR GILRS,194,204,174,187,154,296,287,292,336,684,977,675,,
A & N ISLANDS,PROCURATION OF MINOR GILRS,0,0,0,0,0,0,0,0,0,0,0,0,11.66703,92.73598
CHANDIGARH,PROCURATION OF MINOR GILRS,0,0,0,0,0,0,0,0,0,0,0,0,30.7333,76.7794
D & N HAVELI,PROCURATION OF MINOR GILRS,0,0,0,0,0,0,0,0,0,0,0,0,20.1809,73.0169
DAMAN & DIU,PROCURATION OF MINOR GILRS,0,0,0,0,0,0,0,0,0,0,0,0,20.4283,72.8397
DELHI,PROCURATION OF MINOR GILRS,4,0,0,0,0,2,0,0,1,0,5,1,28.7041,77.1025
LAKSHADWEEP,PROCURATION OF MINOR GILRS,0,0,0,0,0,0,0,0,0,0,0,0,13.7,72.1833
PUDUCHERRY,PROCURATION OF MINOR GILRS,0,0,0,0,0,0,0,0,0,0,0,0,11.9416,79.8083
TOTAL (UTs),PROCURATION OF MINOR GILRS,4,0,0,0,0,2,0,0,1,0,5,1,,
TOTAL (ALL-INDIA),PROCURATION OF MINOR GILRS,198,204,174,187,154,298,287,292,337,684,982,676,,
ANDHRA PRADESH,BUYING OF GIRLS FOR PROSTITUTION,0,1,0,0,19,17,3,4,0,0,0,0,14.75043,78.57003
ARUNACHAL PRADESH,BUYING OF GIRLS FOR PROSTITUTION,0,0,0,0,0,0,0,0,0,0,0,0,27.1004,93.6166
ASSAM,BUYING OF GIRLS FOR PROSTITUTION,0,0,0,0,0,0,0,0,0,0,0,0,26.74998,94.21667
BIHAR,BUYING OF GIRLS FOR PROSTITUTION,1,0,0,0,0,0,0,0,0,0,2,4,25.78541,87.47997
CHHATTISGARH,BUYING OF GIRLS FOR PROSTITUTION,0,0,0,0,0,0,0,0,0,0,0,0,30.72,76.78001
GOA,BUYING OF GIRLS FOR PROSTITUTION,0,0,0,0,0,0,0,0,0,0,0,0,15.492,73.818
GUJARAT,BUYING OF GIRLS FOR PROSTITUTION,0,0,0,0,0,0,0,0,0,0,0,0,22.2587,71.1924
HARYANA,BUYING OF GIRLS FOR PROSTITUTION,0,0,0,0,0,0,0,0,0,0,5,0,28.45001,77.01999
HIMACHAL PRADESH,BUYING OF GIRLS FOR PROSTITUTION,0,0,0,0,0,0,0,0,0,0,0,0,31.10003,77.1666
JAMMU & KASHMIR,BUYING OF GIRLS FOR PROSTITUTION,0,0,0,0,0,0,0,0,0,0,0,0,34.29996,74.46666
JHARKHAND,BUYING OF GIRLS FOR PROSTITUTION,0,0,0,0,0,0,0,0,0,3,1,5,23.80039,86.41999
KARNATAKA,BUYING OF GIRLS FOR PROSTITUTION,0,0,0,0,0,0,0,0,0,0,0,0,12.57038,76.92
KERALA,BUYING OF GIRLS FOR PROSTITUTION,0,0,0,0,0,0,0,0,0,0,0,0,8.900373,76.56999
MADHYA PRADESH,BUYING OF GIRLS FOR PROSTITUTION,0,0,0,0,2,0,0,1,0,0,5,0,21.30039,76.13002
MAHARASHTRA,BUYING OF GIRLS FOR PROSTITUTION,2,10,11,16,17,43,51,41,43,43,43,11,19.25023,73.16017
MANIPUR,BUYING OF GIRLS FOR PROSTITUTION,0,0,0,0,0,0,0,0,0,0,0,0,24.79997,93.95002
MEGHALAYA,BUYING OF GIRLS FOR PROSTITUTION,0,0,0,0,0,0,0,0,0,0,0,0,25.27049,91.88001
MIZORAM,BUYING OF GIRLS FOR PROSTITUTION,0,0,0,0,0,0,0,0,0,0,0,0,23.7104,92.72001
NAGALAND,BUYING OF GIRLS FOR PROSTITUTION,0,0,0,0,0,0,0,0,0,0,0,0,25.667,94.11657
ODISHA,BUYING OF GIRLS FOR PROSTITUTION,0,0,0,0,0,0,0,0,0,0,0,0,19.82043,85.90002
PUNJAB,BUYING OF GIRLS FOR PROSTITUTION,0,0,0,0,2,0,0,0,0,0,0,0,31.51997,75.98
RAJASTHAN,BUYING OF GIRLS FOR PROSTITUTION,0,0,1,5,0,1,0,0,0,0,0,0,26.45,74.63998
SIKKIM,BUYING OF GIRLS FOR PROSTITUTION,0,0,0,0,0,0,0,0,0,0,0,0,27.33333,88.61665
TAMIL NADU,BUYING OF GIRLS FOR PROSTITUTION,0,0,0,0,0,0,0,0,0,0,0,0,12.92039,79.15004
TRIPURA,BUYING OF GIRLS FOR PROSTITUTION,0,0,0,0,0,0,0,0,0,0,0,0,23.8354,91.28
UTTAR PRADESH,BUYING OF GIRLS FOR PROSTITUTION,3,0,0,0,0,0,4,0,0,0,4,0,27.59998,78.05001
UTTARAKHAND,BUYING OF GIRLS FOR PROSTITUTION,0,0,0,0,0,0,0,0,0,0,0,0,30.0668,79.0193
WEST BENGAL,BUYING OF GIRLS FOR PROSTITUTION,6,16,19,14,3,6,5,1,2,51,0,4,22.58039,88.32995
TOTAL (STATES),BUYING OF GIRLS FOR PROSTITUTION,12,27,31,35,43,67,63,47,45,97,60,24,,
A & N ISLANDS,BUYING OF GIRLS FOR PROSTITUTION,0,0,0,0,0,0,0,0,0,0,0,0,11.66703,92.73598
CHANDIGARH,BUYING OF GIRLS FOR PROSTITUTION,0,0,0,0,0,0,0,0,0,0,0,0,30.7333,76.7794
D & N HAVELI,BUYING OF GIRLS FOR PROSTITUTION,0,0,0,0,0,0,0,0,0,0,0,0,20.1809,73.0169
DAMAN & DIU,BUYING OF GIRLS FOR PROSTITUTION,0,0,0,0,0,0,0,0,0,0,0,0,20.4283,72.8397
DELHI,BUYING OF GIRLS FOR PROSTITUTION,0,0,0,0,0,0,3,0,0,0,0,1,28.7014,77.1025
LAKSHADWEEP,BUYING OF GIRLS FOR PROSTITUTION,0,0,0,0,0,0,0,0,0,0,0,0,13.7,72.1833
PUDUCHERRY,BUYING OF GIRLS FOR PROSTITUTION,0,0,0,0,0,0,0,0,0,0,0,0,11.9416,79.8083
TOTAL (UTs),BUYING OF GIRLS FOR PROSTITUTION,0,0,0,0,0,0,3,0,0,0,0,1,,
TOTAL (ALL-INDIA),BUYING OF GIRLS FOR PROSTITUTION,12,27,31,35,43,67,66,47,45,97,60,25,,
ANDHRA PRADESH,SELLING OF GIRLS FOR PROSTITUTION,0,0,1,0,4,7,38,5,3,6,4,8,14.75043,78.57003
ARUNACHAL PRADESH,SELLING OF GIRLS FOR PROSTITUTION,0,0,0,0,0,0,0,0,0,0,0,0,27.1004,93.6166
ASSAM,SELLING OF GIRLS FOR PROSTITUTION,0,0,0,1,2,1,0,0,0,3,0,0,26.74998,94.21667
BIHAR,SELLING OF GIRLS FOR PROSTITUTION,1,0,0,0,0,0,1,0,0,0,2,12,25.78541,87.47997
CHHATTISGARH,SELLING OF GIRLS FOR PROSTITUTION,0,0,0,0,0,0,0,3,0,0,1,0,30.72,76.78001
GOA,SELLING OF GIRLS FOR PROSTITUTION,0,0,0,0,0,0,0,0,0,0,0,0,15.492,73.818
GUJARAT,SELLING OF GIRLS FOR PROSTITUTION,0,0,0,0,0,0,0,0,1,0,0,0,22.2587,71.1924
HARYANA,SELLING OF GIRLS FOR PROSTITUTION,3,6,0,0,0,0,0,0,0,0,0,0,28.45001,77.01999
HIMACHAL PRADESH,SELLING OF GIRLS FOR PROSTITUTION,0,0,1,0,0,0,0,0,0,0,0,0,31.10003,77.1666
JAMMU & KASHMIR,SELLING OF GIRLS FOR PROSTITUTION,0,0,0,0,0,0,0,0,0,0,0,0,34.29996,74.46666
JHARKHAND,SELLING OF GIRLS FOR PROSTITUTION,0,0,0,0,0,0,0,0,0,1,5,7,23.80039,86.41999
KARNATAKA,SELLING OF GIRLS FOR PROSTITUTION,0,1,0,0,0,0,0,0,0,0,0,0,12.57038,76.92
KERALA,SELLING OF GIRLS FOR PROSTITUTION,0,0,0,0,0,0,0,0,0,0,0,0,8.900373,76.56999
MADHYA PRADESH,SELLING OF GIRLS FOR PROSTITUTION,0,108,101,0,0,0,6,22,1,8,15,20,21.30039,76.13002
MAHARASHTRA,SELLING OF GIRLS FOR PROSTITUTION,2,1,11,3,1,2,0,1,4,13,9,8,19.25023,73.16017
MANIPUR,SELLING OF GIRLS FOR PROSTITUTION,0,0,0,0,0,0,0,0,0,0,0,0,24.79997,93.95002
MEGHALAYA,SELLING OF GIRLS FOR PROSTITUTION,0,0,0,0,0,0,0,0,0,0,0,0,25.57049,91.88001
MIZORAM,SELLING OF GIRLS FOR PROSTITUTION,0,0,0,0,0,0,0,0,0,0,0,0,23.7104,92.72001
NAGALAND,SELLING OF GIRLS FOR PROSTITUTION,0,0,0,0,0,0,0,0,0,0,0,0,25.667,94.11657
ODISHA,SELLING OF GIRLS FOR PROSTITUTION,0,0,0,0,0,0,0,0,0,0,0,0,19.82043,85.90002
PUNJAB,SELLING OF GIRLS FOR PROSTITUTION,0,0,0,8,0,1,0,0,0,3,0,0,31.51997,75.98
RAJASTHAN,SELLING OF GIRLS FOR PROSTITUTION,0,0,0,0,1,0,0,0,0,0,5,7,26.45,74.63998
SIKKIM,SELLING OF GIRLS FOR PROSTITUTION,0,0,0,0,0,0,0,0,0,0,0,0,27.33333,88.61665
TAMIL NADU,SELLING OF GIRLS FOR PROSTITUTION,0,0,0,0,0,0,0,0,0,0,0,0,12.92039,79.15004
TRIPURA,SELLING OF GIRLS FOR PROSTITUTION,0,0,0,0,0,0,0,0,0,0,0,0,23.8354,91.28
UTTAR PRADESH,SELLING OF GIRLS FOR PROSTITUTION,3,0,0,0,0,0,0,0,0,0,15,30,27.59998,78.05001
UTTARAKHAND,SELLING OF GIRLS FOR PROSTITUTION,0,0,0,0,0,0,0,0,0,0,0,0,30.0668,79.0193
WEST BENGAL,SELLING OF GIRLS FOR PROSTITUTION,5,2,7,13,45,120,24,29,21,128,96,32,22.58039,88.32995
TOTAL (STATES),SELLING OF GIRLS FOR PROSTITUTION,14,118,121,25,53,131,69,60,30,162,152,124,,
A & N ISLANDS,SELLING OF GIRLS FOR PROSTITUTION,0,0,0,0,0,0,0,0,0,0,0,0,11.66703,92.73598
CHANDIGARH,SELLING OF GIRLS FOR PROSTITUTION,0,0,0,0,0,0,0,0,0,0,0,0,30.7333,76.7794
D & N HAVELI,SELLING OF GIRLS FOR PROSTITUTION,0,0,0,0,0,0,0,0,0,0,0,0,20.1809,73.0169
DAMAN & DIU,SELLING OF GIRLS FOR PROSTITUTION,0,0,0,0,0,0,0,0,0,0,0,0,20.4283,72.8397
DELHI,SELLING OF GIRLS FOR PROSTITUTION,2,0,0,0,0,0,0,0,1,4,4,4,28.7014,77.1025
LAKSHADWEEP,SELLING OF GIRLS FOR PROSTITUTION,0,0,0,0,0,0,0,0,0,0,0,0,13.7,72.1833
PUDUCHERRY,SELLING OF GIRLS FOR PROSTITUTION,0,0,0,0,0,0,0,0,0,0,0,0,11.9416,79.8083
TOTAL (UTs),SELLING OF GIRLS FOR PROSTITUTION,2,0,0,0,0,0,0,0,1,4,4,4,,
TOTAL (ALL-INDIA),SELLING OF GIRLS FOR PROSTITUTION,16,118,121,25,53,131,69,60,31,166,156,128,,
ANDHRA PRADESH,PROHIBITION OF CHILD MARRIAGE ACT,3,15,6,11,13,53,39,50,0,9,49,61,14.75043,78.57003
ARUNACHAL PRADESH,PROHIBITION OF CHILD MARRIAGE ACT,0,0,0,0,0,0,0,0,0,0,0,0,27.1004,93.6166
ASSAM,PROHIBITION OF CHILD MARRIAGE ACT,0,2,0,3,0,1,1,1,0,0,0,0,26.74998,94.21667
BIHAR,PROHIBITION OF CHILD MARRIAGE ACT,10,4,2,2,4,0,20,23,0,12,0,17,25.78541,87.47997
CHHATTISGARH,PROHIBITION OF CHILD MARRIAGE ACT,0,163,6,34,13,19,4,10,1,5,16,2,30.72,76.78001
GOA,PROHIBITION OF CHILD MARRIAGE ACT,0,0,0,0,0,0,0,4,0,0,0,0,15.492,73.818
GUJARAT,PROHIBITION OF CHILD MARRIAGE ACT,46,146,73,143,112,39,56,108,0,65,68,72,22.2587,71.1924
HARYANA,PROHIBITION OF CHILD MARRIAGE ACT,0,5,5,8,28,24,7,14,0,0,3,9,28.45001,77.01999
HIMACHAL PRADESH,PROHIBITION OF CHILD MARRIAGE ACT,0,7,4,4,13,4,6,2,0,13,0,0,31.10003,77.1666
JAMMU & KASHMIR,PROHIBITION OF CHILD MARRIAGE ACT,0,0,0,0,0,0,0,0,0,0,0,0,34.29996,74.46666
JHARKHAND,PROHIBITION OF CHILD MARRIAGE ACT,0,0,0,0,0,0,0,0,0,0,0,0,23.80039,86.41999
KARNATAKA,PROHIBITION OF CHILD MARRIAGE ACT,17,1,0,0,2,0,0,13,0,3,16,57,12.57038,76.92
KERALA,PROHIBITION OF CHILD MARRIAGE ACT,1,12,0,2,3,0,0,5,0,15,2,6,8.900373,76.56999
MADHYA PRADESH,PROHIBITION OF CHILD MARRIAGE ACT,17,4,13,16,58,10,11,6,0,12,15,15,21..30039,76.13002
MAHARASHTRA,PROHIBITION OF CHILD MARRIAGE ACT,139,90,65,53,123,100,28,20,0,27,110,13,19.25023,73.16017
MANIPUR,PROHIBITION OF CHILD MARRIAGE ACT,0,0,0,0,0,0,0,0,0,0,0,0,24.79997,93.95002
MEGHALAYA,PROHIBITION OF CHILD MARRIAGE ACT,0,0,0,0,0,2,1,0,0,0,0,0,25.57049,91.88001
MIZORAM,PROHIBITION OF CHILD MARRIAGE ACT,0,0,0,0,0,0,0,0,0,0,0,0,23.7104,92.72001
NAGALAND,PROHIBITION OF CHILD MARRIAGE ACT,0,0,0,0,0,0,0,0,0,0,0,0,25.667,94.11657
ODISHA,PROHIBITION OF CHILD MARRIAGE ACT,0,0,0,10,0,2,2,1,1,1,0,2,19.82043,85.90002
PUNJAB,PROHIBITION OF CHILD MARRIAGE ACT,0,1,4,4,13,22,16,10,0,0,0,0,31.51997,75.98
RAJASTHAN,PROHIBITION OF CHILD MARRIAGE ACT,39,10,9,12,12,7,0,2,0,15,23,31,26.45,74.63998
SIKKIM,PROHIBITION OF CHILD MARRIAGE ACT,0,0,0,0,0,0,0,0,0,0,0,0,27.33333,88.61665
TAMIL NADU,PROHIBITION OF CHILD MARRIAGE ACT,0,0,4,13,1,11,5,5,0,0,0,0,12.92039,79.15004
TRIPURA,PROHIBITION OF CHILD MARRIAGE ACT,0,0,0,0,0,0,1,0,0,1,0,0,23.8354,91.28
UTTAR PRADESH,PROHIBITION OF CHILD MARRIAGE ACT,3,15,29,5,13,0,0,0,0,13,15,17,27.59998,78.05001
UTTARAKHAND,PROHIBITION OF CHILD MARRIAGE ACT,0,0,0,0,0,0,0,0,0,0,0,0,30.0668,79.0193
WEST BENGAL,PROHIBITION OF CHILD MARRIAGE ACT,0,0,1,8,3,11,24,9,0,0,12,88,22.58039,88.32995
TOTAL (STATES),PROHIBITION OF CHILD MARRIAGE ACT,275,475,221,328,411,305,221,283,2,191,329,390,,
A & N ISLANDS,PROHIBITION OF CHILD MARRIAGE ACT,0,0,0,7,0,0,0,0,0,0,0,0,11.66703,92.73598
CHANDIGARH,PROHIBITION OF CHILD MARRIAGE ACT,6,0,0,0,0,0,0,0,0,4,0,0,30.7333,76.7794
D & N HAVELI,PROHIBITION OF CHILD MARRIAGE ACT,0,0,0,0,0,0,0,0,0,0,0,0,20.1809,73.0169
DAMAN & DIU,PROHIBITION OF CHILD MARRIAGE ACT,0,0,0,0,0,0,0,0,0,0,0,0,20.4283,72.8397
DELHI,PROHIBITION OF CHILD MARRIAGE ACT,0,0,3,0,0,0,0,4,0,0,0,3,28.7041,77.1025
LAKSHADWEEP,PROHIBITION OF CHILD MARRIAGE ACT,0,0,0,0,0,0,0,0,0,0,0,0,13.7,72.1833
PUDUCHERRY,PROHIBITION OF CHILD MARRIAGE ACT,0,0,0,0,0,0,0,0,0,9,0,4,11.9416,79.8083
TOTAL (UTs),PROHIBITION OF CHILD MARRIAGE ACT,6,0,3,7,0,0,0,4,0,13,0,7,,
TOTAL (ALL-INDIA),PROHIBITION OF CHILD MARRIAGE ACT,281,475,224,335,411,305,221,287,2,204,329,397,,
ANDHRA PRADESH,OTHER CRIMES AGAINST CHILDREN,48,40,370,265,76,339,344,358,754,690,768,674,14.75043,78.57003
ARUNACHAL PRADESH,OTHER CRIMES AGAINST CHILDREN,0,0,0,2,0,0,0,0,0,1,0,1,27.1004,93.6166
ASSAM,OTHER CRIMES AGAINST CHILDREN,0,1,0,0,70,147,101,85,27,13,14,31,26.74998,94.21667
BIHAR,OTHER CRIMES AGAINST CHILDREN,3,12,15,9,0,9,12,19,48,27,27,7,25.78541,87.47997
CHHATTISGARH,OTHER CRIMES AGAINST CHILDREN,481,490,280,477,551,744,539,651,896,935,1068,1170,30.72,76.78001
GOA,OTHER CRIMES AGAINST CHILDREN,10,13,11,12,30,31,47,30,47,24,30,60,15.492,73.818
GUJARAT,OTHER CRIMES AGAINST CHILDREN,224,315,192,243,273,294,397,274,270,160,224,249,22.2587,71.1924
HARYANA,OTHER CRIMES AGAINST CHILDREN,77,43,67,49,67,69,63,59,59,18,17,142,28.45001,77.01999
HIMACHAL PRADESH,OTHER CRIMES AGAINST CHILDREN,7,13,30,17,11,26,25,45,61,67,64,58,31.10003,77.1666
JAMMU & KASHMIR,OTHER CRIMES AGAINST CHILDREN,1,1,9,1,0,1,5,2,0,3,2,5,34.29996,74.46666
JHARKHAND,OTHER CRIMES AGAINST CHILDREN,12,27,20,27,24,10,20,20,70,16,33,51,23.80039,86.41999
KARNATAKA,OTHER CRIMES AGAINST CHILDREN,0,15,21,23,19,21,27,47,28,48,27,76,12.57038,76.92
KERALA,OTHER CRIMES AGAINST CHILDREN,73,70,66,64,131,183,156,239,217,272,797,761,8.900373,76.56999
MADHYA PRADESH,OTHER CRIMES AGAINST CHILDREN,860,2029,2306,3102,3223,3448,3477,3923,3729,3655,3189,4107,21.30039,76.13002
MAHARASHTRA,OTHER CRIMES AGAINST CHILDREN,471,603,535,878,840,1229,1279,1114,1306,1524,1493,1378,19.25023,73.16017
MANIPUR,OTHER CRIMES AGAINST CHILDREN,0,0,2,0,0,0,0,0,0,0,0,0,24.79997,93.95002
MEGHALAYA,OTHER CRIMES AGAINST CHILDREN,0,0,0,0,0,0,0,4,7,1,7,0,25.57049,91.88001
MIZORAM,OTHER CRIMES AGAINST CHILDREN,0,0,0,0,0,0,1,2,2,7,13,16,23.7104,92.72001
NAGALAND,OTHER CRIMES AGAINST CHILDREN,0,0,0,0,0,0,0,0,0,0,0,0,25.667,94.11657
ODISHA,OTHER CRIMES AGAINST CHILDREN,27,22,31,99,43,17,49,88,62,64,48,121,19.82043,85.90002
PUNJAB,OTHER CRIMES AGAINST CHILDREN,18,18,19,24,32,19,27,34,61,34,40,34,31.51997,75.98
RAJASTHAN,OTHER CRIMES AGAINST CHILDREN,38,0,5,14,5,5,2,20,9,3,138,122,26.45,74.63998
SIKKIM,OTHER CRIMES AGAINST CHILDREN,0,0,5,32,1,0,4,1,14,2,12,0,27.33333,88.61665
TAMIL NADU,OTHER CRIMES AGAINST CHILDREN,14,30,25,43,42,29,27,86,49,60,28,49,12.92039,79.15004
TRIPURA,OTHER CRIMES AGAINST CHILDREN,0,0,0,12,0,0,10,25,0,65,26,0,23.8354,91.28
UTTAR PRADESH,OTHER CRIMES AGAINST CHILDREN,2542,812,549,455,483,408,623,890,915,429,487,308,27.59998,78.05001
UTTARAKHAND,OTHER CRIMES AGAINST CHILDREN,13,0,0,0,4,0,16,1,8,13,10,22,30.0668,79.0193
WEST BENGAL,OTHER CRIMES AGAINST CHILDREN,31,31,43,23,69,68,73,73,74,107,69,118,22.58039,88.32995
TOTAL (STATES),OTHER CRIMES AGAINST CHILDREN,4950,4585,4601,5871,5994,7097,7324,8090,8713,8238,8631,9560,,
A & N ISLANDS,OTHER CRIMES AGAINST CHILDREN,0,0,0,13,10,0,0,25,29,22,8,8,11.66703,92.73598
CHANDIGARH,OTHER CRIMES AGAINST CHILDREN,11,10,3,3,3,2,2,8,18,12,12,17,30.7333,76.7794
D & N HAVELI,OTHER CRIMES AGAINST CHILDREN,0,0,0,0,0,0,0,4,0,0,0,0,20.1809,73.0169
DAMAN & DIU,OTHER CRIMES AGAINST CHILDREN,0,0,0,0,0,0,3,10,0,3,0,0,20.4283,72.8397
DELHI,OTHER CRIMES AGAINST CHILDREN,67,47,71,111,141,457,328,331,208,300,274,330,28.7041,77.1025
LAKSHADWEEP,OTHER CRIMES AGAINST CHILDREN,0,0,0,0,0,0,0,0,0,0,0,0,13.7,72.1833
PUDUCHERRY,OTHER CRIMES AGAINST CHILDREN,0,6,2,2,2,3,5,8,4,0,2,3,11.9416,79.8083
TOTAL (UTs),OTHER CRIMES AGAINST CHILDREN,78,63,76,129,156,462,338,386,259,337,296,358,,
TOTAL (ALL-INDIA),OTHER CRIMES AGAINST CHILDREN,5028,4648,4677,6000,6150,7559,7662,8476,8972,8575,8927,9918,,
ANDHRA PRADESH, TOTAL CRIMES AGAINST CHILDREN,294,400,1194,1325,1097,1653,1729,1661,2060,2046,2550,2387,14.75043,78.57003
ARUNACHAL PRADESH, TOTAL CRIMES AGAINST CHILDREN,0,5,0,13,24,18,4,20,27,21,34,39,27.1004,93.6166
ASSAM, TOTAL CRIMES AGAINST CHILDREN,0,28,21,18,202,256,170,112,48,132,236,391,26.74998,94.21667
BIHAR, TOTAL CRIMES AGAINST CHILDREN,143,100,108,76,131,80,975,1363,1468,2414,2859,2319,25.78541,87.47997
CHHATTISGARH, TOTAL CRIMES AGAINST CHILDREN,750,902,555,960,1057,1420,1081,1271,1498,1659,1991,2059,30.72,76.78001
GOA, TOTAL CRIMES AGAINST CHILDREN,35,35,56,64,76,69,71,104,123,80,70,125,15.492,73.818
GUJARAT, TOTAL CRIMES AGAINST CHILDREN,543,774,682,805,968,985,1241,1197,980,1058,1279,1563,22.2587,71.1924
HARYANA, TOTAL CRIMES AGAINST CHILDREN,403,246,321,301,362,477,394,325,317,274,198,1101,28.45001,77.01999
HIMACHAL PRADESH, TOTAL CRIMES AGAINST CHILDREN,99,89,122,97,162,143,114,189,232,269,226,285,31.10003,77.1666
JAMMU & KASHMIR, TOTAL CRIMES AGAINST CHILDREN,23,24,53,36,24,65,24,10,7,17,29,44,34.29996,74.46666
JHARKHAND, TOTAL CRIMES AGAINST CHILDREN,52,136,60,136,116,130,75,141,149,44,95,113,23.80039,86.41999
KARNATAKA, TOTAL CRIMES AGAINST CHILDREN,50,124,105,135,160,198,225,324,315,389,329,607,12.57038,76.92
KERALA, TOTAL CRIMES AGAINST CHILDREN,221,278,196,249,428,850,512,666,698,698,1533,1582,8.900373,76.56999
MADHYA PRADESH, TOTAL CRIMES AGAINST CHILDREN,1603,3178,3668,4530,4949,5062,5305,5620,5829,5846,5586,7136,21.30039,76.13002
MAHARASHTRA, TOTAL CRIMES AGAINST CHILDREN,1646,2015,2256,2440,2551,3124,3157,3082,3086,3759,4050,4185,19.25023,73.16017
MANIPUR, TOTAL CRIMES AGAINST CHILDREN,0,0,91,23,16,38,21,6,40,39,49,33,24.79997,93.95002
MEGHALAYA, TOTAL CRIMES AGAINST CHILDREN,0,0,0,0,31,23,43,53,64,77,64,90,25.57049,91.88001
MIZORAM, TOTAL CRIMES AGAINST CHILDREN,0,0,0,0,0,35,64,21,15,50,57,93,23.7104,92.72001
NAGALAND, TOTAL CRIMES AGAINST CHILDREN,0,0,0,1,0,5,6,6,0,10,20,12,25.667,94.11657
ODISHA, TOTAL CRIMES AGAINST CHILDREN,69,67,132,172,100,142,208,199,200,218,287,489,19.82043,85.90002
PUNJAB, TOTAL CRIMES AGAINST CHILDREN,169,174,176,308,251,211,373,385,889,700,668,717,31.51997,75.98
RAJASTHAN, TOTAL CRIMES AGAINST CHILDREN,238,103,145,306,414,647,745,732,898,749,995,1248,26.45,74.63998
SIKKIM, TOTAL CRIMES AGAINST CHILDREN,6,8,15,35,12,14,26,14,33,34,33,30,27.33333,88.61665
TAMIL NADU, TOTAL CRIMES AGAINST CHILDREN,65,154,157,416,263,381,460,566,657,703,901,1105,12.92039,79.15004
TRIPURA, TOTAL CRIMES AGAINST CHILDREN,0,0,0,56,24,31,70,160,100,216,253,22,23.8354,91.28
UTTAR PRADESH, TOTAL CRIMES AGAINST CHILDREN,6319,2997,2710,3250,2852,2653,3553,5760,4721,3662,8560,11470,27.59998,78.05001
UTTARAKHAND, TOTAL CRIMES AGAINST CHILDREN,79,51,45,67,107,95,101,58,36,45,77,118,30.0668,79.0193
WEST BENGAL, TOTAL CRIMES AGAINST CHILDREN,144,164,160,231,283,566,343,453,375,1009,1064,1259,22.58039,88.32995
TOTAL (STATES), TOTAL CRIMES AGAINST CHILDREN,12951,12052,13028,16050,16660,19371,21090,24498,24865,26218,34093,40622,,
A & N ISLANDS, TOTAL CRIMES AGAINST CHILDREN,0,0,4,20,17,10,9,52,63,61,36,33,11.66703,92.73598
CHANDIGARH, TOTAL CRIMES AGAINST CHILDREN,59,41,39,21,61,42,52,59,64,66,65,56,30.7333,76.7794
D & N HAVELI, TOTAL CRIMES AGAINST CHILDREN,0,0,5,1,8,12,6,25,15,12,5,14,20.1809,73.0169
DAMAN & DIU, TOTAL CRIMES AGAINST CHILDREN,0,0,6,0,6,2,6,10,1,4,0,9,20.4283,72.8397
DELHI, TOTAL CRIMES AGAINST CHILDREN,386,391,437,558,590,1394,1247,1097,984,1020,1199,1351,28.7041,77.1025
LAKSHADWEEP, TOTAL CRIMES AGAINST CHILDREN,1,0,0,0,0,0,0,0,0,0,0,0,13.7,72.1833
PUDUCHERRY, TOTAL CRIMES AGAINST CHILDREN,4,23,5,13,11,39,22,25,20,22,29,32,11.9416,79.8083
TOTAL (UTs), TOTAL CRIMES AGAINST CHILDREN,450,455,496,613,693,1499,1342,1268,1147,1185,1334,1495,,
TOTAL (ALL-INDIA), TOTAL CRIMES AGAINST CHILDREN,13401,12507,13524,16663,17353,20870,22432,25766,26012,27403,35427,42117,,
